class_name,small,medium,large,median_area,median_side_px
ear,84.6,15.3,0.1,0.00079,18.0
foot,62.2,36.4,1.4,0.00169,26.3
shoes,52.4,44.4,3.2,0.00229,30.7
helmet,49.8,33.8,16.4,0.00251,32.1
safety-vest,41.7,30.8,27.5,0.00524,46.3
gloves,39.4,39.4,21.2,0.00471,43.9
face-mask,36.3,46.6,17.2,0.00536,46.8
tool,29.6,32.9,37.5,0.01009,64.3
glasses,28.7,62.2,9.2,0.00525,46.4
hands,26.2,54.9,18.8,0.00666,52.2
head,19.0,36.1,44.9,0.01869,87.5
face,17.9,55.3,26.8,0.01109,67.4
ear-mufs,10.7,53.8,35.5,0.01418,76.2
safety-suit,9.2,31.2,59.6,0.03759,124.1
person,8.0,10.5,81.5,0.1951,282.7
face-guard,6.0,35.1,59.0,0.02534,101.9
medical-suit,0.0,3.2,96.8,0.25652,324.1
