class_id,class_name,no_of_boxes,no_of_images,boxes_per_image
0,person,13802,7617,1.8119994748588684
12,head,11985,6495,1.8452655889145497
11,hands,15850,6455,2.4554608830364058
3,face,8950,5646,1.5851930570315267
1,ear,7730,4884,1.5827190827190827
7,tool,4647,2257,2.0589277802392556
8,glasses,1945,1588,1.2248110831234258
14,shoes,4560,1570,2.9044585987261144
9,gloves,2790,1321,2.1120363361090084
10,helmet,927,466,1.9892703862660943
5,face-mask,670,395,1.6962025316455696
6,foot,759,347,2.1873198847262247
2,ear-mufs,318,223,1.4260089686098654
16,safety-vest,530,213,2.488262910798122
15,safety-suit,240,141,1.702127659574468
4,face-guard,134,127,1.0551181102362204
13,medical-suit,157,114,1.3771929824561404
